[
  {
    "iso_3166_1": "AD",
    "english_name": "Andorra",
    "native_name": "Andorra"
  },
  {
    "iso_3166_1": "AE",
    "english_name": "United Arab Emirates",
    "native_name": "Emirati Arabi Uniti",
    "language": "ar"
  },
  {
    "iso_3166_1": "AF",
    "english_name": "Afghanistan",
    "native_name": "Afghanistan"
  },
  {
    "iso_3166_1": "AG",
    "english_name": "Antigua and Barbuda",
    "native_name": "Antigua e Barbuda"
  },
  {
    "iso_3166_1": "AI",
    "english_name": "Anguilla",
    "native_name": "Anguilla"
  },
  {
    "iso_3166_1": "AL",
    "english_name": "Albania",
    "native_name": "Albania",
    "language": "sq"
  },
  {
    "iso_3166_1": "AM",
    "english_name": "Armenia",
    "native_name": "Armenia"
  },
  {
    "iso_3166_1": "AN",
    "english_name": "Netherlands Antilles",
    "native_name": "Antille Olandesi"
  },
  {
    "iso_3166_1": "AO",
    "english_name": "Angola",
    "native_name": "Angola",
    "language": "ln%7Cpt"
  },
  {
    "iso_3166_1": "AQ",
    "english_name": "Antarctica",
    "native_name": "Antartide"
  },
  {
    "iso_3166_1": "AR",
    "english_name": "Argentina",
    "native_name": "Argentina",
    "language": "es"
  },
  {
    "iso_3166_1": "AS",
    "english_name": "American Samoa",
    "native_name": "Samoa Americane"
  },
  {
    "iso_3166_1": "AT",
    "english_name": "Austria",
    "native_name": "Austria",
    "language": "de"
  },
  {
    "iso_3166_1": "AU",
    "english_name": "Australia",
    "native_name": "Australia",
    "language": "en"
  },
  {
    "iso_3166_1": "AW",
    "english_name": "Aruba",
    "native_name": "Aruba"
  },
  {
    "iso_3166_1": "AZ",
    "english_name": "Azerbaijan",
    "native_name": "Azerbaigian",
    "language": "az"
  },
  {
    "iso_3166_1": "BA",
    "english_name": "Bosnia and Herzegovina",
    "native_name": "Bosnia-Erzegovina",
    "language": "bs%7Chr%7Cen%7Csr"
  },
  {
    "iso_3166_1": "BB",
    "english_name": "Barbados",
    "native_name": "Barbados"
  },
  {
    "iso_3166_1": "BD",
    "english_name": "Bangladesh",
    "native_name": "Bangladesh"
  },
  {
    "iso_3166_1": "BE",
    "english_name": "Belgium",
    "native_name": "Belgio",
    "language": "nl%7Cfr%7Cde"
  },
  {
    "iso_3166_1": "BF",
    "english_name": "Burkina Faso",
    "native_name": "Burkina Faso",
    "language": "fr%7Cff"
  },
  {
    "iso_3166_1": "BG",
    "english_name": "Bulgaria",
    "native_name": "Bulgaria",
    "language": "bg"
  },
  {
    "iso_3166_1": "BH",
    "english_name": "Bahrain",
    "native_name": "Bahrein"
  },
  {
    "iso_3166_1": "BI",
    "english_name": "Burundi",
    "native_name": "Burundi"
  },
  {
    "iso_3166_1": "BJ",
    "english_name": "Benin",
    "native_name": "Benin"
  },
  {
    "iso_3166_1": "BM",
    "english_name": "Bermuda",
    "native_name": "Bermuda",
    "language": "en%7Ces"
  },
  {
    "iso_3166_1": "BN",
    "english_name": "Brunei Darussalam",
    "native_name": "Brunei"
  },
  {
    "iso_3166_1": "BO",
    "english_name": "Bolivia",
    "native_name": "Bolivia",
    "language": "qu%7Ces"
  },
  {
    "iso_3166_1": "BR",
    "english_name": "Brazil",
    "native_name": "Brasile",
    "language": "pt%7Ces"
  },
  {
    "iso_3166_1": "BS",
    "english_name": "Bahamas",
    "native_name": "Bahamas",
    "language": "en%7Ces"
  },
  {
    "iso_3166_1": "BT",
    "english_name": "Bhutan",
    "native_name": "Bhutan"
  },
  {
    "iso_3166_1": "BU",
    "english_name": "Burma",
    "native_name": "Burma"
  },
  {
    "iso_3166_1": "BV",
    "english_name": "Bouvet Island",
    "native_name": "Isola Bouvet"
  },
  {
    "iso_3166_1": "BW",
    "english_name": "Botswana",
    "native_name": "Botswana"
  },
  {
    "iso_3166_1": "BY",
    "english_name": "Belarus",
    "native_name": "Bielorussia",
    "language": "be%7Cru"
  },
  {
    "iso_3166_1": "BZ",
    "english_name": "Belize",
    "native_name": "Belize",
    "language": "en%7Ces"
  },
  {
    "iso_3166_1": "CA",
    "english_name": "Canada",
    "native_name": "Canada",
    "language": "en%7Cfr%7Ciu%7Ces"
  },
  {
    "iso_3166_1": "CC",
    "english_name": "Cocos  Islands",
    "native_name": "Isole Cocos"
  },
  {
    "iso_3166_1": "CD",
    "english_name": "Congo",
    "native_name": "Congo - Kinshasa",
    "language": "fr%7Cln%7Clu%7Csw"
  },
  {
    "iso_3166_1": "CF",
    "english_name": "Central African Republic",
    "native_name": "Repubblica Centrafricana"
  },
  {
    "iso_3166_1": "CG",
    "english_name": "Congo",
    "native_name": "Congo-Brazzaville"
  },
  {
    "iso_3166_1": "CH",
    "english_name": "Switzerland",
    "native_name": "Svizzera",
    "language": "fr%7Cde%7Cit%7Cpt%7Crm"
  },
  {
    "iso_3166_1": "CI",
    "english_name": "Cote D'Ivoire",
    "native_name": "Costa d’Avorio",
    "language": "fr"
  },
  {
    "iso_3166_1": "CK",
    "english_name": "Cook Islands",
    "native_name": "Isole Cook"
  },
  {
    "iso_3166_1": "CL",
    "english_name": "Chile",
    "native_name": "Cile",
    "language": "es"
  },
  {
    "iso_3166_1": "CM",
    "english_name": "Cameroon",
    "native_name": "Camerun",
    "language": "en%7Cfr%7Cff"
  },
  {
    "iso_3166_1": "CN",
    "english_name": "China",
    "native_name": "Cina",
    "language": "zh%7Cii%7Cbo%7Cug"
  },
  {
    "iso_3166_1": "CO",
    "english_name": "Colombia",
    "native_name": "Colombia",
    "language": "es"
  },
  {
    "iso_3166_1": "CR",
    "english_name": "Costa Rica",
    "native_name": "Costa Rica",
    "language": "es"
  },
  {
    "iso_3166_1": "CS",
    "english_name": "Serbia and Montenegro",
    "native_name": "Serbia and Montenegro"
  },
  {
    "iso_3166_1": "CU",
    "english_name": "Cuba",
    "native_name": "Cuba",
    "language": "es"
  },
  {
    "iso_3166_1": "CV",
    "english_name": "Cape Verde",
    "native_name": "Capo Verde"
  },
  {
    "iso_3166_1": "CX",
    "english_name": "Christmas Island",
    "native_name": "Isola di Christmas"
  },
  {
    "iso_3166_1": "CY",
    "english_name": "Cyprus",
    "native_name": "Cipro",
    "language": "el%7Ctr"
  },
  {
    "iso_3166_1": "CZ",
    "english_name": "Czech Republic",
    "native_name": "Repubblica Ceca",
    "language": "cs"
  },
  {
    "iso_3166_1": "DE",
    "english_name": "Germany",
    "native_name": "Germania",
    "language": "de"
  },
  {
    "iso_3166_1": "DJ",
    "english_name": "Djibouti",
    "native_name": "Gibuti"
  },
  {
    "iso_3166_1": "DK",
    "english_name": "Denmark",
    "native_name": "Danimarca",
    "language": "da%7Cfo"
  },
  {
    "iso_3166_1": "DM",
    "english_name": "Dominica",
    "native_name": "Dominica"
  },
  {
    "iso_3166_1": "DO",
    "english_name": "Dominican Republic",
    "native_name": "Repubblica Dominicana",
    "language": "es"
  },
  {
    "iso_3166_1": "DZ",
    "english_name": "Algeria",
    "native_name": "Algeria",
    "language": "ar%7Cfr"
  },
  {
    "iso_3166_1": "EC",
    "english_name": "Ecuador",
    "native_name": "Ecuador",
    "language": "qu%7Ces"
  },
  {
    "iso_3166_1": "EE",
    "english_name": "Estonia",
    "native_name": "Estonia",
    "language": "et"
  },
  {
    "iso_3166_1": "EG",
    "english_name": "Egypt",
    "native_name": "Egitto",
    "language": "ar"
  },
  {
    "iso_3166_1": "EH",
    "english_name": "Western Sahara",
    "native_name": "Sahara Occidentale"
  },
  {
    "iso_3166_1": "ER",
    "english_name": "Eritrea",
    "native_name": "Eritrea"
  },
  {
    "iso_3166_1": "ES",
    "english_name": "Spain",
    "native_name": "Spagna",
    "language": "es%7Cca%7Ceu%7Cgl"
  },
  {
    "iso_3166_1": "ET",
    "english_name": "Ethiopia",
    "native_name": "Etiopia"
  },
  {
    "iso_3166_1": "FI",
    "english_name": "Finland",
    "native_name": "Finlandia",
    "language": "fi%7Csv"
  },
  {
    "iso_3166_1": "FJ",
    "english_name": "Fiji",
    "native_name": "Figi",
    "language": "en"
  },
  {
    "iso_3166_1": "FK",
    "english_name": "Falkland Islands",
    "native_name": "Isole Falkland"
  },
  {
    "iso_3166_1": "FM",
    "english_name": "Micronesia",
    "native_name": "Micronesia"
  },
  {
    "iso_3166_1": "FO",
    "english_name": "Faeroe Islands",
    "native_name": "Isole Faroe"
  },
  {
    "iso_3166_1": "FR",
    "english_name": "France",
    "native_name": "Francia",
    "language": "fr%7Cco%7Cbr"
  },
  {
    "iso_3166_1": "GA",
    "english_name": "Gabon",
    "native_name": "Gabon"
  },
  {
    "iso_3166_1": "GB",
    "english_name": "United Kingdom",
    "native_name": "Regno Unito",
    "language": "kw%7Cen%7Cgd%7Ccy"
  },
  {
    "iso_3166_1": "GD",
    "english_name": "Grenada",
    "native_name": "Grenada"
  },
  {
    "iso_3166_1": "GE",
    "english_name": "Georgia",
    "native_name": "Georgia"
  },
  {
    "iso_3166_1": "GF",
    "english_name": "French Guiana",
    "native_name": "Guiana Francese",
    "language": "fe%7Ces"
  },
  {
    "iso_3166_1": "GH",
    "english_name": "Ghana",
    "native_name": "Ghana",
    "language": "en%7Cee%7Cff%7Cha"
  },
  {
    "iso_3166_1": "GI",
    "english_name": "Gibraltar",
    "native_name": "Gibilterra"
  },
  {
    "iso_3166_1": "GL",
    "english_name": "Greenland",
    "native_name": "Groenlandia"
  },
  {
    "iso_3166_1": "GM",
    "english_name": "Gambia",
    "native_name": "Gambia"
  },
  {
    "iso_3166_1": "GN",
    "english_name": "Guinea",
    "native_name": "Guinea"
  },
  {
    "iso_3166_1": "GP",
    "english_name": "Guadaloupe",
    "native_name": "Guadalupa"
  },
  {
    "iso_3166_1": "GQ",
    "english_name": "Equatorial Guinea",
    "native_name": "Guinea Equatoriale",
    "language": "fr%7Cpt%7Ces"
  },
  {
    "iso_3166_1": "GR",
    "english_name": "Greece",
    "native_name": "Grecia",
    "language": "el"
  },
  {
    "iso_3166_1": "GS",
    "english_name": "South Georgia and the South Sandwich Islands",
    "native_name": "Georgia del Sud e isole Sandwich meridionali"
  },
  {
    "iso_3166_1": "GT",
    "english_name": "Guatemala",
    "native_name": "Guatemala",
    "language": "es"
  },
  {
    "iso_3166_1": "GU",
    "english_name": "Guam",
    "native_name": "Guam"
  },
  {
    "iso_3166_1": "GW",
    "english_name": "Guinea-Bissau",
    "native_name": "Guinea-Bissau"
  },
  {
    "iso_3166_1": "GY",
    "english_name": "Guyana",
    "native_name": "Guyana",
    "language": "en%7Ces"
  },
  {
    "iso_3166_1": "HK",
    "english_name": "Hong Kong",
    "native_name": "RAS di Hong Kong"
  },
  {
    "iso_3166_1": "HM",
    "english_name": "Heard and McDonald Islands",
    "native_name": "Isole Heard ed Isole McDonald"
  },
  {
    "iso_3166_1": "HN",
    "english_name": "Honduras",
    "native_name": "Honduras",
    "language": "es"
  },
  {
    "iso_3166_1": "HR",
    "english_name": "Croatia",
    "native_name": "Croazia",
    "language": "hr"
  },
  {
    "iso_3166_1": "HT",
    "english_name": "Haiti",
    "native_name": "Haiti"
  },
  {
    "iso_3166_1": "HU",
    "english_name": "Hungary",
    "native_name": "Ungheria",
    "language": "hu"
  },
  {
    "iso_3166_1": "ID",
    "english_name": "Indonesia",
    "native_name": "Indonesia",
    "language": "id%7Cjv"
  },
  {
    "iso_3166_1": "IE",
    "english_name": "Ireland",
    "native_name": "Irlanda",
    "language": "en%7Cga"
  },
  {
    "iso_3166_1": "IL",
    "english_name": "Israel",
    "native_name": "Israele",
    "language": "ar%7Che"
  },
  {
    "iso_3166_1": "IN",
    "english_name": "India",
    "native_name": "India",
    "language": "hi%7Cen%7Cas%7Cbn%7Cgu%7Ckn%7Cks%7Cml%7Cmr%7Cne%7Cor%7Cpa%7Csa%7Cta%7Cte%7Cbo%7Cur"
  },
  {
    "iso_3166_1": "IO",
    "english_name": "British Indian Ocean Territory",
    "native_name": "Territorio Britannico dell’Oceano Indiano"
  },
  {
    "iso_3166_1": "IQ",
    "english_name": "Iraq",
    "native_name": "Iraq",
    "language": "ar"
  },
  {
    "iso_3166_1": "IR",
    "english_name": "Iran",
    "native_name": "Iran"
  },
  {
    "iso_3166_1": "IS",
    "english_name": "Iceland",
    "native_name": "Islanda",
    "language": "is"
  },
  {
    "iso_3166_1": "IT",
    "english_name": "Italy",
    "native_name": "Italia",
    "language": "it"
  },
  {
    "iso_3166_1": "JM",
    "english_name": "Jamaica",
    "native_name": "Giamaica",
    "language": "en"
  },
  {
    "iso_3166_1": "JO",
    "english_name": "Jordan",
    "native_name": "Giordania",
    "language": "ar"
  },
  {
    "iso_3166_1": "JP",
    "english_name": "Japan",
    "native_name": "Giappone",
    "language": "ja"
  },
  {
    "iso_3166_1": "KE",
    "english_name": "Kenya",
    "native_name": "Kenya",
    "language": "sw%7Cen%7Cki%7Com%7Cso"
  },
  {
    "iso_3166_1": "KG",
    "english_name": "Kyrgyz Republic",
    "native_name": "Kirghizistan"
  },
  {
    "iso_3166_1": "KH",
    "english_name": "Cambodia",
    "native_name": "Cambogia"
  },
  {
    "iso_3166_1": "KI",
    "english_name": "Kiribati",
    "native_name": "Kiribati"
  },
  {
    "iso_3166_1": "KM",
    "english_name": "Comoros",
    "native_name": "Comore"
  },
  {
    "iso_3166_1": "KN",
    "english_name": "St. Kitts and Nevis",
    "native_name": "Saint Kitts e Nevis"
  },
  {
    "iso_3166_1": "KP",
    "english_name": "North Korea",
    "native_name": "Corea del Nord"
  },
  {
    "iso_3166_1": "KR",
    "english_name": "South Korea",
    "native_name": "Corea del Sud",
    "language": "ko"
  },
  {
    "iso_3166_1": "KW",
    "english_name": "Kuwait",
    "native_name": "Kuwait",
    "language": "ar"
  },
  {
    "iso_3166_1": "KY",
    "english_name": "Cayman Islands",
    "native_name": "Isole Cayman"
  },
  {
    "iso_3166_1": "KZ",
    "english_name": "Kazakhstan",
    "native_name": "Kazakistan"
  },
  {
    "iso_3166_1": "LA",
    "english_name": "Lao People's Democratic Republic",
    "native_name": "Laos"
  },
  {
    "iso_3166_1": "LB",
    "english_name": "Lebanon",
    "native_name": "Libano",
    "language": "ar"
  },
  {
    "iso_3166_1": "LC",
    "english_name": "St. Lucia",
    "native_name": "Saint Lucia"
  },
  {
    "iso_3166_1": "LI",
    "english_name": "Liechtenstein",
    "native_name": "Liechtenstein"
  },
  {
    "iso_3166_1": "LK",
    "english_name": "Sri Lanka",
    "native_name": "Sri Lanka"
  },
  {
    "iso_3166_1": "LR",
    "english_name": "Liberia",
    "native_name": "Liberia"
  },
  {
    "iso_3166_1": "LS",
    "english_name": "Lesotho",
    "native_name": "Lesotho"
  },
  {
    "iso_3166_1": "LT",
    "english_name": "Lithuania",
    "native_name": "Lituania",
    "language": "lt"
  },
  {
    "iso_3166_1": "LU",
    "english_name": "Luxembourg",
    "native_name": "Lussemburgo",
    "language": "fr%7Cde%7Clb"
  },
  {
    "iso_3166_1": "LV",
    "english_name": "Latvia",
    "native_name": "Lettonia",
    "language": "lv"
  },
  {
    "iso_3166_1": "LY",
    "english_name": "Libyan Arab Jamahiriya",
    "native_name": "Libia",
    "language": "ar"
  },
  {
    "iso_3166_1": "MA",
    "english_name": "Morocco",
    "native_name": "Marocco",
    "language": "ar%7Cfr"
  },
  {
    "iso_3166_1": "MC",
    "english_name": "Monaco",
    "native_name": "Monaco"
  },
  {
    "iso_3166_1": "MD",
    "english_name": "Moldova",
    "native_name": "Moldavia",
    "language": "ro%7Cru"
  },
  {
    "iso_3166_1": "ME",
    "english_name": "Montenegro",
    "native_name": "Montenegro",
    "language": "sr"
  },
  {
    "iso_3166_1": "MG",
    "english_name": "Madagascar",
    "native_name": "Madagascar",
    "language": "mg"
  },
  {
    "iso_3166_1": "MH",
    "english_name": "Marshall Islands",
    "native_name": "Isole Marshall"
  },
  {
    "iso_3166_1": "MK",
    "english_name": "Macedonia",
    "native_name": "Repubblica di Macedonia",
    "language": "mk%7Csq"
  },
  {
    "iso_3166_1": "ML",
    "english_name": "Mali",
    "native_name": "Mali",
    "language": "bm%7Cfr"
  },
  {
    "iso_3166_1": "MM",
    "english_name": "Myanmar",
    "native_name": "Myanmar (Birmania)"
  },
  {
    "iso_3166_1": "MN",
    "english_name": "Mongolia",
    "native_name": "Mongolia"
  },
  {
    "iso_3166_1": "MO",
    "english_name": "Macao",
    "native_name": "RAS di Macao"
  },
  {
    "iso_3166_1": "MP",
    "english_name": "Northern Mariana Islands",
    "native_name": "Isole Marianne Settentrionali"
  },
  {
    "iso_3166_1": "MQ",
    "english_name": "Martinique",
    "native_name": "Martinica"
  },
  {
    "iso_3166_1": "MR",
    "english_name": "Mauritania",
    "native_name": "Mauritania"
  },
  {
    "iso_3166_1": "MS",
    "english_name": "Montserrat",
    "native_name": "Montserrat"
  },
  {
    "iso_3166_1": "MT",
    "english_name": "Malta",
    "native_name": "Malta",
    "language": "en%7Cmt"
  },
  {
    "iso_3166_1": "MU",
    "english_name": "Mauritius",
    "native_name": "Mauritius"
  },
  {
    "iso_3166_1": "MV",
    "english_name": "Maldives",
    "native_name": "Maldive"
  },
  {
    "iso_3166_1": "MW",
    "english_name": "Malawi",
    "native_name": "Malawi",
    "language": "en%7Cny"
  },
  {
    "iso_3166_1": "MX",
    "english_name": "Mexico",
    "native_name": "Messico",
    "language": "es"
  },
  {
    "iso_3166_1": "MY",
    "english_name": "Malaysia",
    "native_name": "Malesia",
    "language": "ms%7Cta"
  },
  {
    "iso_3166_1": "MZ",
    "english_name": "Mozambique",
    "native_name": "Mozambico",
    "language": "pt"
  },
  {
    "iso_3166_1": "NA",
    "english_name": "Namibia",
    "native_name": "Namibia"
  },
  {
    "iso_3166_1": "NC",
    "english_name": "New Caledonia",
    "native_name": "Nuova Caledonia"
  },
  {
    "iso_3166_1": "NE",
    "english_name": "Niger",
    "native_name": "Niger",
    "language": "ff%7Cfr%7Cha"
  },
  {
    "iso_3166_1": "NF",
    "english_name": "Norfolk Island",
    "native_name": "Isola Norfolk"
  },
  {
    "iso_3166_1": "NG",
    "english_name": "Nigeria",
    "native_name": "Nigeria",
    "language": "en%7Cff%7Cha%7Cig%7Cyo"
  },
  {
    "iso_3166_1": "NI",
    "english_name": "Nicaragua",
    "native_name": "Nicaragua",
    "language": "es"
  },
  {
    "iso_3166_1": "NL",
    "english_name": "Netherlands",
    "native_name": "Paesi Bassi",
    "language": "nl"
  },
  {
    "iso_3166_1": "NO",
    "english_name": "Norway",
    "native_name": "Norvegia",
    "language": "nb%7Cnn%7Cse"
  },
  {
    "iso_3166_1": "NP",
    "english_name": "Nepal",
    "native_name": "Nepal"
  },
  {
    "iso_3166_1": "NR",
    "english_name": "Nauru",
    "native_name": "Nauru"
  },
  {
    "iso_3166_1": "NU",
    "english_name": "Niue",
    "native_name": "Niue"
  },
  {
    "iso_3166_1": "NZ",
    "english_name": "New Zealand",
    "native_name": "Nuova Zelanda",
    "language": "en%7Cmi"
  },
  {
    "iso_3166_1": "OM",
    "english_name": "Oman",
    "native_name": "Oman",
    "language": "ar"
  },
  {
    "iso_3166_1": "PA",
    "english_name": "Panama",
    "native_name": "Panamá",
    "language": "es"
  },
  {
    "iso_3166_1": "PE",
    "english_name": "Peru",
    "native_name": "Perù",
    "language": "es%7Cqu"
  },
  {
    "iso_3166_1": "PF",
    "english_name": "French Polynesia",
    "native_name": "Polinesia Francese"
  },
  {
    "iso_3166_1": "PG",
    "english_name": "Papua New Guinea",
    "native_name": "Papua Nuova Guinea",
    "language": "en"
  },
  {
    "iso_3166_1": "PH",
    "english_name": "Philippines",
    "native_name": "Filippine",
    "language": "en"
  },
  {
    "iso_3166_1": "PK",
    "english_name": "Pakistan",
    "native_name": "Pakistan",
    "language": "en%7Cps%7Cpa%7Csd%7Cur"
  },
  {
    "iso_3166_1": "PL",
    "english_name": "Poland",
    "native_name": "Polonia",
    "language": "pl"
  },
  {
    "iso_3166_1": "PM",
    "english_name": "St. Pierre and Miquelon",
    "native_name": "Saint Pierre e Miquelon"
  },
  {
    "iso_3166_1": "PN",
    "english_name": "Pitcairn Island",
    "native_name": "Isole Pitcairn"
  },
  {
    "iso_3166_1": "PR",
    "english_name": "Puerto Rico",
    "native_name": "Portorico"
  },
  {
    "iso_3166_1": "PS",
    "english_name": "Palestinian Territory",
    "native_name": "Territori palestinesi"
  },
  {
    "iso_3166_1": "PT",
    "english_name": "Portugal",
    "native_name": "Portogallo",
    "language": "pt"
  },
  {
    "iso_3166_1": "PW",
    "english_name": "Palau",
    "native_name": "Palau"
  },
  {
    "iso_3166_1": "PY",
    "english_name": "Paraguay",
    "native_name": "Paraguay",
    "language": "gn%7Ces"
  },
  {
    "iso_3166_1": "QA",
    "english_name": "Qatar",
    "native_name": "Qatar",
    "language": "ar"
  },
  {
    "iso_3166_1": "RE",
    "english_name": "Reunion",
    "native_name": "Réunion"
  },
  {
    "iso_3166_1": "RO",
    "english_name": "Romania",
    "native_name": "Romania",
    "language": "ro"
  },
  {
    "iso_3166_1": "RS",
    "english_name": "Serbia",
    "native_name": "Serbia",
    "language": "sr"
  },
  {
    "iso_3166_1": "RU",
    "english_name": "Russia",
    "native_name": "Federazione Russa",
    "language": "ru"
  },
  {
    "iso_3166_1": "RW",
    "english_name": "Rwanda",
    "native_name": "Ruanda"
  },
  {
    "iso_3166_1": "SA",
    "english_name": "Saudi Arabia",
    "native_name": "Arabia Saudita",
    "language": "ar"
  },
  {
    "iso_3166_1": "SB",
    "english_name": "Solomon Islands",
    "native_name": "Isole Solomon"
  },
  {
    "iso_3166_1": "SC",
    "english_name": "Seychelles",
    "native_name": "Seychelles"
  },
  {
    "iso_3166_1": "SD",
    "english_name": "Sudan",
    "native_name": "Sudan"
  },
  {
    "iso_3166_1": "SE",
    "english_name": "Sweden",
    "native_name": "Svezia",
    "language": "sv%7Cse"
  },
  {
    "iso_3166_1": "SG",
    "english_name": "Singapore",
    "native_name": "Singapore"
  },
  {
    "iso_3166_1": "SH",
    "english_name": "St. Helena",
    "native_name": "Sant’Elena"
  },
  {
    "iso_3166_1": "SI",
    "english_name": "Slovenia",
    "native_name": "Slovenia",
    "language": "sl"
  },
  {
    "iso_3166_1": "SJ",
    "english_name": "Svalbard & Jan Mayen Islands",
    "native_name": "Svalbard e Jan Mayen"
  },
  {
    "iso_3166_1": "SK",
    "english_name": "Slovakia",
    "native_name": "Slovacchia",
    "language": "sk"
  },
  {
    "iso_3166_1": "SL",
    "english_name": "Sierra Leone",
    "native_name": "Sierra Leone"
  },
  {
    "iso_3166_1": "SM",
    "english_name": "San Marino",
    "native_name": "San Marino"
  },
  {
    "iso_3166_1": "SN",
    "english_name": "Senegal",
    "native_name": "Senegal",
    "language": "fr%7Cff%7Cwo"
  },
  {
    "iso_3166_1": "SO",
    "english_name": "Somalia",
    "native_name": "Somalia"
  },
  {
    "iso_3166_1": "SR",
    "english_name": "Suriname",
    "native_name": "Suriname"
  },
  {
    "iso_3166_1": "SS",
    "english_name": "South Sudan",
    "native_name": "Sudan del Sud"
  },
  {
    "iso_3166_1": "ST",
    "english_name": "Sao Tome and Principe",
    "native_name": "São Tomé e Príncipe"
  },
  {
    "iso_3166_1": "SU",
    "english_name": "Soviet Union",
    "native_name": "Soviet Union"
  },
  {
    "iso_3166_1": "SV",
    "english_name": "El Salvador",
    "native_name": "El Salvador",
    "language": "es"
  },
  {
    "iso_3166_1": "SY",
    "english_name": "Syrian Arab Republic",
    "native_name": "Siria"
  },
  {
    "iso_3166_1": "SZ",
    "english_name": "Swaziland",
    "native_name": "Swaziland"
  },
  {
    "iso_3166_1": "TC",
    "english_name": "Turks and Caicos Islands",
    "native_name": "Isole Turks e Caicos"
  },
  {
    "iso_3166_1": "TD",
    "english_name": "Chad",
    "native_name": "Ciad",
    "language": "ar%7Cfr"
  },
  {
    "iso_3166_1": "TF",
    "english_name": "French Southern Territories",
    "native_name": "Territori australi francesi"
  },
  {
    "iso_3166_1": "TG",
    "english_name": "Togo",
    "native_name": "Togo"
  },
  {
    "iso_3166_1": "TH",
    "english_name": "Thailand",
    "native_name": "Tailandia",
    "language": "th"
  },
  {
    "iso_3166_1": "TJ",
    "english_name": "Tajikistan",
    "native_name": "Tagikistan"
  },
  {
    "iso_3166_1": "TK",
    "english_name": "Tokelau",
    "native_name": "Tokelau"
  },
  {
    "iso_3166_1": "TL",
    "english_name": "Timor-Leste",
    "native_name": "Timor Est"
  },
  {
    "iso_3166_1": "TM",
    "english_name": "Turkmenistan",
    "native_name": "Turkmenistan"
  },
  {
    "iso_3166_1": "TN",
    "english_name": "Tunisia",
    "native_name": "Tunisia",
    "language": "ar"
  },
  {
    "iso_3166_1": "TO",
    "english_name": "Tonga",
    "native_name": "Tonga"
  },
  {
    "iso_3166_1": "TP",
    "english_name": "East Timor",
    "native_name": "East Timor"
  },
  {
    "iso_3166_1": "TR",
    "english_name": "Turkey",
    "native_name": "Turchia",
    "language": "tr%7Cku"
  },
  {
    "iso_3166_1": "TT",
    "english_name": "Trinidad and Tobago",
    "native_name": "Trinidad e Tobago",
    "language": "en%7Ces"
  },
  {
    "iso_3166_1": "TV",
    "english_name": "Tuvalu",
    "native_name": "Tuvalu"
  },
  {
    "iso_3166_1": "TW",
    "english_name": "Taiwan",
    "native_name": "Taiwan",
    "language": "zh"
  },
  {
    "iso_3166_1": "TZ",
    "english_name": "Tanzania",
    "native_name": "Tanzania",
    "language": "sw%7Cen"
  },
  {
    "iso_3166_1": "UA",
    "english_name": "Ukraine",
    "native_name": "Ucraina",
    "language": "uk"
  },
  {
    "iso_3166_1": "UG",
    "english_name": "Uganda",
    "native_name": "Uganda",
    "language": "sw%7Cen%7Clg"
  },
  {
    "iso_3166_1": "UM",
    "english_name": "United States Minor Outlying Islands",
    "native_name": "Isole minori lontane dagli USA"
  },
  {
    "iso_3166_1": "US",
    "english_name": "United States of America",
    "native_name": "Stati Uniti",
    "language": "en"
  },
  {
    "iso_3166_1": "UY",
    "english_name": "Uruguay",
    "native_name": "Uruguay",
    "language": "es"
  },
  {
    "iso_3166_1": "UZ",
    "english_name": "Uzbekistan",
    "native_name": "Uzbekistan"
  },
  {
    "iso_3166_1": "VA",
    "english_name": "Holy See",
    "native_name": "Città del Vaticano"
  },
  {
    "iso_3166_1": "VC",
    "english_name": "St. Vincent and the Grenadines",
    "native_name": "Saint Vincent e Grenadines"
  },
  {
    "iso_3166_1": "VE",
    "english_name": "Venezuela",
    "native_name": "Venezuela",
    "language": "es"
  },
  {
    "iso_3166_1": "VG",
    "english_name": "British Virgin Islands",
    "native_name": "Isole Vergini Britanniche"
  },
  {
    "iso_3166_1": "VI",
    "english_name": "US Virgin Islands",
    "native_name": "Isole Vergini Americane"
  },
  {
    "iso_3166_1": "VN",
    "english_name": "Vietnam",
    "native_name": "Vietnam"
  },
  {
    "iso_3166_1": "VU",
    "english_name": "Vanuatu",
    "native_name": "Vanuatu"
  },
  {
    "iso_3166_1": "WF",
    "english_name": "Wallis and Futuna Islands",
    "native_name": "Wallis e Futuna"
  },
  {
    "iso_3166_1": "WS",
    "english_name": "Samoa",
    "native_name": "Samoa"
  },
  {
    "iso_3166_1": "XC",
    "english_name": "Czechoslovakia",
    "native_name": "Czechoslovakia"
  },
  {
    "iso_3166_1": "XG",
    "english_name": "East Germany",
    "native_name": "East Germany"
  },
  {
    "iso_3166_1": "XI",
    "english_name": "Northern Ireland",
    "native_name": "Northern Ireland"
  },
  {
    "iso_3166_1": "XK",
    "english_name": "Kosovo",
    "native_name": "Kosovo",
    "language": "sq%7Csr"
  },
  {
    "iso_3166_1": "YE",
    "english_name": "Yemen",
    "native_name": "Yemen",
    "language": "ar"
  },
  {
    "iso_3166_1": "YT",
    "english_name": "Mayotte",
    "native_name": "Mayotte"
  },
  {
    "iso_3166_1": "YU",
    "english_name": "Yugoslavia",
    "native_name": "Yugoslavia"
  },
  {
    "iso_3166_1": "ZA",
    "english_name": "South Africa",
    "native_name": "Sudafrica",
    "language": "af%7Cen%7Cnr%7Cst%7Css%7Cts%7Ctn%7Cve%7Cxh%7Czu"
  },
  {
    "iso_3166_1": "ZM",
    "english_name": "Zambia",
    "native_name": "Zambia",
    "language": "en"
  },
  {
    "iso_3166_1": "ZR",
    "english_name": "Zaire",
    "native_name": "Zaire"
  },
  {
    "iso_3166_1": "ZW",
    "english_name": "Zimbabwe",
    "native_name": "Zimbabwe",
    "language": "en%7Cnd%7Csn"
  }
]